identifiant GO	k	K	n	N
GO:0005829	98	1026	177	3931
GO:0008676	1	1	177	3931
GO:0019294	1	4	177	3931
GO:0051289	4	58	177	3931
GO:0005887	5	360	177	3931
GO:0005886	20	1079	177	3931
GO:0015212	1	3	177	3931
GO:0005337	1	5	177	3931
GO:0015506	1	2	177	3931
GO:0015293	2	24	177	3931
GO:0015213	1	3	177	3931
GO:1901642	1	3	177	3931
GO:0015858	2	3	177	3931
GO:0005737	38	519	177	3931
GO:0032843	2	4	177	3931
GO:0008379	2	4	177	3931
GO:0045454	3	18	177	3931
GO:0034599	1	12	177	3931
GO:0006979	5	51	177	3931
GO:0003730	1	3	177	3931
GO:0003729	1	13	177	3931
GO:0033592	1	3	177	3931
GO:0034057	1	1	177	3931
GO:0071475	1	2	177	3931
GO:0006974	14	198	177	3931
GO:0007231	1	2	177	3931
GO:1902836	1	1	177	3931
GO:0010608	1	2	177	3931
GO:0044010	2	23	177	3931
GO:0031419	1	4	177	3931
GO:0008705	1	2	177	3931
GO:0008270	9	152	177	3931
GO:0050667	1	2	177	3931
GO:0009086	1	12	177	3931
GO:0032259	1	12	177	3931
GO:0035999	2	6	177	3931
GO:0005524	34	444	177	3931
GO:0046872	18	342	177	3931
GO:0051287	4	41	177	3931
GO:0003951	1	2	177	3931
GO:0019674	1	1	177	3931
GO:0006741	1	1	177	3931
GO:0004106	2	2	177	3931
GO:0070403	1	8	177	3931
GO:0008977	1	1	177	3931
GO:0004665	1	1	177	3931
GO:0046417	2	2	177	3931
GO:0009094	2	3	177	3931
GO:0055114	5	38	177	3931
GO:0006571	2	2	177	3931
GO:0043190	1	64	177	3931
GO:0030288	6	175	177	3931
GO:1900750	1	2	177	3931
GO:1904680	1	17	177	3931
GO:0061077	3	28	177	3931
GO:0006857	1	3	177	3931
GO:0015833	1	14	177	3931
GO:0015031	2	41	177	3931
GO:0009408	7	53	177	3931
GO:0042802	36	409	177	3931
GO:0000287	18	185	177	3931
GO:0004756	1	1	177	3931
GO:0016260	1	3	177	3931
GO:0070329	1	2	177	3931
GO:0098797	1	6	177	3931
GO:0016887	6	118	177	3931
GO:0140306	1	1	177	3931
GO:0022857	2	112	177	3931
GO:0044874	1	5	177	3931
GO:0042953	1	4	177	3931
GO:0089705	2	4	177	3931
GO:0055085	3	73	177	3931
GO:0004462	1	1	177	3931
GO:0016151	1	18	177	3931
GO:0019243	1	4	177	3931
GO:0009636	2	18	177	3931
GO:0071949	1	29	177	3931
GO:0052851	1	1	177	3931
GO:0050660	4	53	177	3931
GO:0010106	1	2	177	3931
GO:0071289	1	1	177	3931
GO:0033212	1	3	177	3931
GO:0015891	2	3	177	3931
GO:0033214	2	10	177	3931
GO:0008764	1	1	177	3931
GO:0007049	5	40	177	3931
GO:0051301	5	57	177	3931
GO:0071555	2	78	177	3931
GO:0009252	3	44	177	3931
GO:0008360	2	49	177	3931
GO:0016020	19	198	177	3931
GO:0016597	1	15	177	3931
GO:0050897	1	12	177	3931
GO:0004372	1	1	177	3931
GO:0030170	6	57	177	3931
GO:0070905	1	2	177	3931
GO:1904482	1	1	177	3931
GO:0046655	1	2	177	3931
GO:0019264	1	1	177	3931
GO:0006546	1	1	177	3931
GO:0006544	1	1	177	3931
GO:0006565	1	5	177	3931
GO:0006730	1	9	177	3931
GO:0046653	1	1	177	3931
GO:0008788	1	1	177	3931
GO:0004556	1	3	177	3931
GO:0009313	1	2	177	3931
GO:0005993	1	3	177	3931
GO:0003849	1	3	177	3931
GO:0009073	1	13	177	3931
GO:0009423	1	11	177	3931
GO:0071973	1	29	177	3931
GO:0070301	2	11	177	3931
GO:0034644	1	4	177	3931
GO:0016888	1	5	177	3931
GO:0003677	8	367	177	3931
GO:0001216	4	34	177	3931
GO:0001217	4	25	177	3931
GO:0045892	4	92	177	3931
GO:0000160	4	44	177	3931
GO:0031346	1	1	177	3931
GO:0045893	5	67	177	3931
GO:0046677	5	101	177	3931
GO:0044011	1	8	177	3931
GO:0006351	1	107	177	3931
GO:0008767	1	1	177	3931
GO:0009103	2	48	177	3931
GO:0015386	1	5	177	3931
GO:0006884	1	1	177	3931
GO:0016149	2	4	177	3931
GO:0006415	2	6	177	3931
GO:0004664	1	1	177	3931
GO:0003824	1	25	177	3931
GO:0004474	1	2	177	3931
GO:0006097	2	8	177	3931
GO:0006099	3	29	177	3931
GO:0004176	1	7	177	3931
GO:0004252	2	14	177	3931
GO:0030163	1	6	177	3931
GO:0042132	2	3	177	3931
GO:0000166	3	32	177	3931
GO:0030388	2	4	177	3931
GO:0006002	1	4	177	3931
GO:0006000	1	3	177	3931
GO:0006094	5	14	177	3931
GO:0005986	1	1	177	3931
GO:0016021	23	661	177	3931
GO:0033281	1	4	177	3931
GO:0009977	1	3	177	3931
GO:0065002	1	9	177	3931
GO:0043953	1	4	177	3931
GO:0008921	1	2	177	3931
GO:0070626	1	1	177	3931
GO:0004018	1	1	177	3931
GO:0044208	2	2	177	3931
GO:0006189	2	12	177	3931
GO:0003879	1	1	177	3931
GO:0000105	1	10	177	3931
GO:0009279	28	114	177	3931
GO:0042597	2	91	177	3931
GO:1990351	2	7	177	3931
GO:0017089	1	2	177	3931
GO:0001530	2	4	177	3931
GO:0043165	6	13	177	3931
GO:0015920	2	9	177	3931
GO:0019003	2	6	177	3931
GO:0005525	8	58	177	3931
GO:0003924	5	24	177	3931
GO:0032561	1	1	177	3931
GO:0043023	2	12	177	3931
GO:0019843	3	45	177	3931
GO:0007059	1	14	177	3931
GO:0022611	1	6	177	3931
GO:0090071	1	3	177	3931
GO:0042255	1	4	177	3931
GO:0003723	6	80	177	3931
GO:0004831	1	1	177	3931
GO:0043039	1	2	177	3931
GO:0006437	1	1	177	3931
GO:0032153	4	33	177	3931
GO:0006970	1	18	177	3931
GO:0003883	1	1	177	3931
GO:0044210	1	2	177	3931
GO:0006241	2	2	177	3931
GO:0006541	1	12	177	3931
GO:0019856	1	3	177	3931
GO:0071575	3	10	177	3931
GO:0003755	2	10	177	3931
GO:0010181	2	35	177	3931
GO:0000049	3	45	177	3931
GO:0017150	1	3	177	3931
GO:0102264	1	1	177	3931
GO:0000917	1	14	177	3931
GO:0043093	1	27	177	3931
GO:0004609	1	1	177	3931
GO:0006646	1	1	177	3931
GO:0016540	1	3	177	3931
GO:0031638	1	2	177	3931
GO:0008237	1	21	177	3931
GO:0006508	2	27	177	3931
GO:0098796	2	3	177	3931
GO:0043086	2	6	177	3931
GO:0032991	2	22	177	3931
GO:0004170	1	2	177	3931
GO:0006226	1	3	177	3931
GO:0046081	1	2	177	3931
GO:0004019	1	1	177	3931
GO:0046086	1	1	177	3931
GO:0046040	1	1	177	3931
GO:0015949	4	19	177	3931
GO:0006164	2	8	177	3931
GO:0006355	3	156	177	3931
GO:0004637	1	2	177	3931
GO:0009113	1	3	177	3931
GO:0004857	1	6	177	3931
GO:0043022	5	28	177	3931
GO:0035870	1	1	177	3931
GO:0036220	1	1	177	3931
GO:0017111	1	4	177	3931
GO:0047429	1	4	177	3931
GO:0042803	3	23	177	3931
GO:0036222	1	1	177	3931
GO:0009143	1	1	177	3931
GO:0009117	1	6	177	3931
GO:0009146	1	1	177	3931
GO:0004024	1	1	177	3931
GO:0051903	1	1	177	3931
GO:0006069	1	1	177	3931
GO:0046294	1	3	177	3931
GO:0004795	1	1	177	3931
GO:0009088	1	6	177	3931
GO:0004648	1	1	177	3931
GO:0006564	1	4	177	3931
GO:0006563	1	1	177	3931
GO:0033359	1	2	177	3931
GO:0042823	1	4	177	3931
GO:0008615	1	8	177	3931
GO:0003746	4	8	177	3931
GO:0006414	3	4	177	3931
GO:0022627	3	25	177	3931
GO:0003735	9	58	177	3931
GO:0000028	2	20	177	3931
GO:0006412	9	65	177	3931
GO:0004155	1	1	177	3931
GO:0018545	1	1	177	3931
GO:0016491	4	78	177	3931
GO:0046256	1	2	177	3931
GO:0008706	1	4	177	3931
GO:0008422	1	4	177	3931
GO:0015926	1	3	177	3931
GO:0103047	1	4	177	3931
GO:0016052	2	6	177	3931
GO:0043906	1	1	177	3931
GO:0004827	1	1	177	3931
GO:0006433	1	1	177	3931
GO:0009986	3	4	177	3931
GO:0005856	1	3	177	3931
GO:0005576	3	14	177	3931
GO:0000015	1	1	177	3931
GO:0004634	1	1	177	3931
GO:0006096	3	19	177	3931
GO:0032889	1	1	177	3931
GO:0046316	1	2	177	3931
GO:0046177	1	7	177	3931
GO:0005509	2	12	177	3931
GO:0004612	1	1	177	3931
GO:0031234	1	12	177	3931
GO:0019898	2	4	177	3931
GO:0016791	2	22	177	3931
GO:0050308	2	8	177	3931
GO:0008673	1	1	177	3931
GO:0019200	1	7	177	3931
GO:0019698	2	6	177	3931
GO:0042840	2	6	177	3931
GO:1990220	1	2	177	3931
GO:0051087	2	9	177	3931
GO:0051082	1	23	177	3931
GO:0051085	1	8	177	3931
GO:0006457	2	20	177	3931
GO:0019068	1	2	177	3931
GO:0003850	1	1	177	3931
GO:0004346	1	1	177	3931
GO:0050084	1	2	177	3931
GO:0050286	1	2	177	3931
GO:0005975	2	58	177	3931
GO:0030145	4	56	177	3931
GO:0008973	1	2	177	3931
GO:0006015	1	3	177	3931
GO:0043094	1	2	177	3931
GO:0009264	2	2	177	3931
GO:0043531	1	11	177	3931
GO:0004618	1	1	177	3931
GO:1903862	1	1	177	3931
GO:0008716	1	2	177	3931
GO:0016150	1	1	177	3931
GO:0006449	1	1	177	3931
GO:0046538	1	1	177	3931
GO:0061621	1	2	177	3931
GO:0097367	1	11	177	3931
GO:0008968	1	1	177	3931
GO:2001061	1	1	177	3931
GO:0009244	2	27	177	3931
GO:0003697	2	22	177	3931
GO:0001072	1	11	177	3931
GO:0060567	1	10	177	3931
GO:0003989	1	4	177	3931
GO:0004075	1	1	177	3931
GO:0006633	2	18	177	3931
GO:2001295	1	3	177	3931
GO:0045717	1	2	177	3931
GO:0019197	1	1	177	3931
GO:0016301	2	58	177	3931
GO:0008965	1	4	177	3931
GO:0009401	1	61	177	3931
GO:0003684	1	9	177	3931
GO:0008094	1	10	177	3931
GO:0048870	1	3	177	3931
GO:0006310	1	59	177	3931
GO:0006281	1	46	177	3931
GO:0010212	1	12	177	3931
GO:0009314	2	50	177	3931
GO:0009432	1	30	177	3931
GO:0005618	1	2	177	3931
GO:0045203	8	13	177	3931
GO:0031230	8	11	177	3931
GO:0008289	2	8	177	3931
GO:0042834	1	7	177	3931
GO:0030258	1	2	177	3931
GO:0043580	1	1	177	3931
GO:0004357	1	2	177	3931
GO:0071243	1	1	177	3931
GO:0071288	1	2	177	3931
GO:0006750	1	3	177	3931
GO:0006972	1	8	177	3931
GO:0004370	1	1	177	3931
GO:0019563	1	9	177	3931
GO:0006071	2	10	177	3931
GO:0006072	1	3	177	3931
GO:0016310	1	8	177	3931
GO:0043590	2	8	177	3931
GO:0015666	1	2	177	3931
GO:0032067	1	1	177	3931
GO:0009307	1	9	177	3931
GO:0051599	1	1	177	3931
GO:0004747	1	1	177	3931
GO:0019303	1	2	177	3931
GO:0042286	1	1	177	3931
GO:0008483	2	11	177	3931
GO:0006779	1	8	177	3931
GO:0006782	1	7	177	3931
GO:0033014	1	2	177	3931
GO:0004801	1	2	177	3931
GO:0016744	1	2	177	3931
GO:0009052	1	7	177	3931
GO:0008662	1	1	177	3931
GO:0008443	1	2	177	3931
GO:0006001	1	1	177	3931
GO:0052547	1	1	177	3931
GO:0001000	1	5	177	3931
GO:0003700	5	199	177	3931
GO:0019904	4	11	177	3931
GO:0051259	1	3	177	3931
GO:0031564	2	10	177	3931
GO:0001125	1	1	177	3931
GO:0042912	3	3	177	3931
GO:0015343	1	2	177	3931
GO:0015344	6	8	177	3931
GO:0055072	4	13	177	3931
GO:0044718	3	4	177	3931
GO:0044183	1	7	177	3931
GO:0051083	1	1	177	3931
GO:0043335	1	4	177	3931
GO:0004127	1	1	177	3931
GO:0006220	2	2	177	3931
GO:0010165	1	17	177	3931
GO:0003992	1	3	177	3931
GO:0043825	1	1	177	3931
GO:0042450	1	8	177	3931
GO:0006527	1	5	177	3931
GO:0019544	1	5	177	3931
GO:0019545	1	5	177	3931
GO:0006593	1	1	177	3931
GO:0003690	1	9	177	3931
GO:0003727	1	4	177	3931
GO:0016783	1	8	177	3931
GO:0002143	1	6	177	3931
GO:0004450	1	1	177	3931
GO:0022900	1	6	177	3931
GO:0043488	1	4	177	3931
GO:0006417	2	16	177	3931
GO:0004017	1	2	177	3931
GO:0016208	1	5	177	3931
GO:0004550	2	2	177	3931
GO:0006172	1	1	177	3931
GO:0044209	1	3	177	3931
GO:0009132	1	2	177	3931
GO:0009123	1	1	177	3931
GO:0006163	2	2	177	3931
GO:0015951	1	2	177	3931
GO:0016776	1	8	177	3931
GO:0008484	1	6	177	3931
GO:0032993	5	47	177	3931
GO:0000156	3	26	177	3931
GO:0000976	5	83	177	3931
GO:0051537	1	33	177	3931
GO:0032790	1	3	177	3931
GO:0015921	1	1	177	3931
GO:0010033	1	1	177	3931
GO:0019213	1	3	177	3931
GO:0005506	3	51	177	3931
GO:0008759	1	1	177	3931
GO:0103117	1	1	177	3931
GO:0009245	1	24	177	3931
GO:0004139	1	1	177	3931
GO:0016829	1	21	177	3931
GO:0046386	1	1	177	3931
GO:0047001	1	1	177	3931
GO:0008678	1	1	177	3931
GO:0016616	2	23	177	3931
GO:0033764	1	1	177	3931
GO:0005085	1	1	177	3931
GO:0016209	1	1	177	3931
GO:0004784	2	3	177	3931
GO:0071291	1	1	177	3931
GO:0019430	2	5	177	3931
GO:0010447	2	14	177	3931
GO:0006801	2	3	177	3931
GO:0009055	2	83	177	3931
GO:0016672	1	3	177	3931
GO:0015035	1	13	177	3931
GO:0048039	1	6	177	3931
GO:0022625	6	32	177	3931
GO:0015934	2	8	177	3931
GO:0070180	1	8	177	3931
GO:0017148	2	13	177	3931
GO:0042254	2	9	177	3931
GO:0030060	1	1	177	3931
GO:0016615	1	1	177	3931
GO:0009061	1	49	177	3931
GO:0006113	1	8	177	3931
GO:0006108	1	6	177	3931
GO:2001125	1	1	177	3931
GO:0072344	1	4	177	3931
GO:0019897	1	6	177	3931
GO:0031226	1	12	177	3931
GO:0005047	1	1	177	3931
GO:0006605	1	6	177	3931
GO:0006614	1	2	177	3931
GO:0003725	1	4	177	3931
GO:0015424	1	5	177	3931
GO:0005291	1	2	177	3931
GO:0015817	1	1	177	3931
GO:1903810	1	2	177	3931
GO:0089709	1	2	177	3931
GO:0004798	1	1	177	3931
GO:0009041	1	1	177	3931
GO:0006233	1	1	177	3931
GO:0006235	1	2	177	3931
GO:0006227	1	1	177	3931
GO:0009321	1	2	177	3931
GO:0016684	1	1	177	3931
GO:0004601	1	9	177	3931
GO:0009970	1	3	177	3931
GO:0033195	1	1	177	3931
GO:0033194	1	4	177	3931
GO:0019290	1	2	177	3931
GO:0006354	1	4	177	3931
GO:0006353	1	5	177	3931
GO:0032784	1	4	177	3931
GO:0009271	1	4	177	3931
GO:0009333	1	2	177	3931
GO:0004124	1	2	177	3931
GO:0080146	1	6	177	3931
GO:0050272	1	1	177	3931
GO:0016740	1	16	177	3931
GO:0008652	1	7	177	3931
GO:0006535	1	4	177	3931
GO:0000303	1	3	177	3931
GO:0000027	4	27	177	3931
GO:0004845	1	1	177	3931
GO:0009116	1	5	177	3931
GO:0044206	1	3	177	3931
GO:0006223	1	1	177	3931
GO:0004814	1	2	177	3931
GO:0006420	1	2	177	3931
GO:0002083	1	1	177	3931
GO:0047293	1	1	177	3931
GO:0008412	1	1	177	3931
GO:0016765	1	4	177	3931
GO:0006744	1	18	177	3931
GO:0000062	1	2	177	3931
GO:0019395	1	1	177	3931
GO:0045723	1	1	177	3931
GO:0019217	1	1	177	3931
GO:0038023	5	6	177	3931
GO:0015038	1	1	177	3931
GO:0097573	1	1	177	3931
GO:0006183	1	2	177	3931
GO:0006228	1	1	177	3931
GO:0008877	1	2	177	3931
GO:0030964	1	14	177	3931
GO:0045272	1	16	177	3931
GO:0008137	1	17	177	3931
GO:0048038	1	18	177	3931
GO:0031246	1	3	177	3931
GO:0004047	1	1	177	3931
GO:0019464	1	4	177	3931
GO:0009992	1	4	177	3931
GO:0006813	1	13	177	3931
GO:0102131	1	1	177	3931
GO:0102132	1	1	177	3931
GO:0004316	1	1	177	3931
GO:0050661	1	31	177	3931
GO:0009102	1	10	177	3931
GO:0030497	1	2	177	3931
GO:0008610	1	5	177	3931
GO:0052740	1	1	177	3931
GO:0004622	1	4	177	3931
GO:0052739	1	1	177	3931
GO:0008970	1	1	177	3931
GO:0004623	1	1	177	3931
GO:0102567	1	1	177	3931
GO:0102568	1	1	177	3931
GO:0004620	1	1	177	3931
GO:0016042	1	4	177	3931
GO:0046471	1	1	177	3931
GO:0048027	1	6	177	3931
GO:0070181	1	7	177	3931
GO:0008097	2	3	177	3931
GO:0009295	2	11	177	3931
GO:0003680	2	3	177	3931
GO:0003681	2	5	177	3931
GO:0046983	2	14	177	3931
GO:0016458	2	2	177	3931
GO:1990063	4	5	177	3931
GO:0051205	4	7	177	3931
GO:0097347	1	2	177	3931
GO:0009306	1	12	177	3931
GO:0046930	6	19	177	3931
GO:0015144	1	6	177	3931
GO:0042958	1	1	177	3931
GO:0015481	1	2	177	3931
GO:0015288	6	20	177	3931
GO:0001618	2	2	177	3931
GO:0006811	3	24	177	3931
GO:0042956	1	5	177	3931
GO:0015774	1	4	177	3931
GO:0007155	1	41	177	3931
GO:0004190	1	7	177	3931
GO:0004175	1	20	177	3931
GO:0030313	1	4	177	3931
GO:0042931	1	2	177	3931
GO:0015620	1	5	177	3931
GO:0022834	2	2	177	3931
GO:0042914	1	2	177	3931
GO:0042930	2	4	177	3931
GO:0015685	1	6	177	3931
GO:1900232	1	4	177	3931
GO:0043024	1	11	177	3931
GO:0030490	1	4	177	3931
GO:0009409	1	13	177	3931
GO:0030674	2	4	177	3931
GO:0004735	1	1	177	3931
GO:0055129	1	3	177	3931
GO:0015501	1	1	177	3931
GO:0120010	1	2	177	3931
GO:0015091	1	1	177	3931
GO:0006826	1	6	177	3931
GO:0015471	1	1	177	3931
GO:0046718	2	13	177	3931
GO:0015483	1	1	177	3931
GO:0048037	1	3	177	3931
GO:0015643	1	5	177	3931
GO:0046790	1	2	177	3931
GO:0019867	1	14	177	3931
GO:0000746	1	3	177	3931
GO:0009597	1	1	177	3931
GO:0034220	5	12	177	3931
GO:0042884	1	7	177	3931
GO:0015914	1	3	177	3931
GO:0046813	1	1	177	3931
GO:0046870	1	2	177	3931
GO:0071276	1	3	177	3931
GO:0034224	1	2	177	3931
GO:0006882	1	2	177	3931
GO:0015420	1	3	177	3931
GO:0015889	1	5	177	3931
GO:0071286	1	3	177	3931
GO:1990281	1	5	177	3931
GO:1990196	1	3	177	3931
GO:0015125	1	8	177	3931
GO:0015562	1	18	177	3931
GO:0005216	2	2	177	3931
GO:0047485	2	2	177	3931
GO:0042910	2	27	177	3931
GO:0015721	1	12	177	3931
GO:0042493	1	21	177	3931
GO:0014070	1	2	177	3931
GO:1990961	1	32	177	3931
GO:0044384	1	2	177	3931
GO:0034702	1	1	177	3931
GO:0097718	1	4	177	3931
GO:0015075	1	1	177	3931
GO:0006855	1	10	177	3931
GO:0070207	1	7	177	3931
GO:0046688	1	12	177	3931
