identifiant GO	définition	occurence	pvalue
GO:0005829	F:high-affinity zinc transmembrane transporter activity	98	1.0
GO:0008676	F:high-affinity zinc transmembrane transporter activity	1	0.991692091058437
GO:0019294	F:high-affinity zinc transmembrane transporter activity	1	0.9671779212871628
GO:0051289	F:high-affinity zinc transmembrane transporter activity	4	0.9986227302297547
GO:0005887	F:high-affinity zinc transmembrane transporter activity	5	0.8189707259555435
GO:0005886	F:high-affinity zinc transmembrane transporter activity	20	0.9993340506421349
GO:0015212	F:high-affinity zinc transmembrane transporter activity	1	0.9752816132193677
GO:0005337	F:high-affinity zinc transmembrane transporter activity	1	0.959141186295011
GO:0015506	F:high-affinity zinc transmembrane transporter activity	1	0.9834528167382462
GO:0015293	F:high-affinity zinc transmembrane transporter activity	2	0.9831985373874232
GO:0015213	F:high-affinity zinc transmembrane transporter activity	1	0.9752816132193677
GO:1901642	F:high-affinity zinc transmembrane transporter activity	1	0.9752816132193677
GO:0015858	F:high-affinity zinc transmembrane transporter activity	2	0.9997952237760034
GO:0005737	F:high-affinity zinc transmembrane transporter activity	38	1.0
GO:0032843	F:high-affinity zinc transmembrane transporter activity	2	0.9995926890159823
GO:0008379	F:high-affinity zinc transmembrane transporter activity	2	0.9995926890159823
GO:0045454	F:high-affinity zinc transmembrane transporter activity	3	0.9995803326781921
GO:0034599	F:high-affinity zinc transmembrane transporter activity	1	0.9047131876356549
GO:0006979	F:high-affinity zinc transmembrane transporter activity	5	0.9999355234633688
GO:0003730	F:high-affinity zinc transmembrane transporter activity	1	0.9752816132193677
GO:0003729	F:high-affinity zinc transmembrane transporter activity	1	0.897192676941459
GO:0033592	F:high-affinity zinc transmembrane transporter activity	1	0.9752816132193677
GO:0034057	F:high-affinity zinc transmembrane transporter activity	1	0.991692091058437
GO:0071475	F:high-affinity zinc transmembrane transporter activity	1	0.9834528167382462
GO:0006974	F:high-affinity zinc transmembrane transporter activity	14	0.9999999987960901
GO:0007231	F:high-affinity zinc transmembrane transporter activity	1	0.9834528167382462
GO:1902836	F:high-affinity zinc transmembrane transporter activity	1	0.991692091058437
GO:0010608	F:high-affinity zinc transmembrane transporter activity	1	0.9834528167382462
GO:0044010	F:high-affinity zinc transmembrane transporter activity	2	0.9845150338720959
GO:0031419	F:high-affinity zinc transmembrane transporter activity	1	0.9671779212871628
GO:0008705	F:high-affinity zinc transmembrane transporter activity	1	0.9834528167382462
GO:0008270	F:high-affinity zinc transmembrane transporter activity	9	0.9999947887447131
GO:0050667	F:high-affinity zinc transmembrane transporter activity	1	0.9834528167382462
GO:0009086	F:high-affinity zinc transmembrane transporter activity	1	0.9047131876356549
GO:0032259	F:high-affinity zinc transmembrane transporter activity	1	0.9047131876356549
GO:0035999	F:high-affinity zinc transmembrane transporter activity	2	0.998992827134029
GO:0005524	F:high-affinity zinc transmembrane transporter activity	34	1.0
GO:0046872	F:high-affinity zinc transmembrane transporter activity	18	0.9999999994098239
GO:0051287	F:high-affinity zinc transmembrane transporter activity	4	0.999633177865024
GO:0003951	F:high-affinity zinc transmembrane transporter activity	1	0.9834528167382462
GO:0019674	F:high-affinity zinc transmembrane transporter activity	1	0.991692091058437
GO:0006741	F:high-affinity zinc transmembrane transporter activity	1	0.991692091058437
GO:0004106	F:high-affinity zinc transmembrane transporter activity	2	0.9999313653786277
GO:0070403	F:high-affinity zinc transmembrane transporter activity	1	0.9354272442358911
GO:0008977	F:high-affinity zinc transmembrane transporter activity	1	0.991692091058437
GO:0004665	F:high-affinity zinc transmembrane transporter activity	1	0.991692091058437
GO:0046417	F:high-affinity zinc transmembrane transporter activity	2	0.9999313653786277
GO:0009094	F:high-affinity zinc transmembrane transporter activity	2	0.9997952237760034
GO:0055114	F:high-affinity zinc transmembrane transporter activity	5	0.9999849670471375
GO:0006571	F:high-affinity zinc transmembrane transporter activity	2	0.9999313653786277
GO:0043190	F:high-affinity zinc transmembrane transporter activity	1	0.5858324346663049
GO:0030288	F:high-affinity zinc transmembrane transporter activity	6	0.9965209226466024
GO:1900750	F:high-affinity zinc transmembrane transporter activity	1	0.9834528167382462
GO:1904680	F:high-affinity zinc transmembrane transporter activity	1	0.8677271919993096
GO:0061077	F:high-affinity zinc transmembrane transporter activity	3	0.9984148533131536
GO:0006857	F:high-affinity zinc transmembrane transporter activity	1	0.9752816132193677
GO:0015833	F:high-affinity zinc transmembrane transporter activity	1	0.8897343309045138
GO:0015031	F:high-affinity zinc transmembrane transporter activity	2	0.9544467264337426
GO:0009408	F:high-affinity zinc transmembrane transporter activity	7	0.999999729082801
GO:0042802	F:high-affinity zinc transmembrane transporter activity	36	1.0
GO:0000287	F:high-affinity zinc transmembrane transporter activity	18	0.9999999999999809
GO:0004756	F:high-affinity zinc transmembrane transporter activity	1	0.991692091058437
GO:0016260	F:high-affinity zinc transmembrane transporter activity	1	0.9752816132193677
GO:0070329	F:high-affinity zinc transmembrane transporter activity	1	0.9834528167382462
GO:0098797	F:high-affinity zinc transmembrane transporter activity	1	0.9511708581272074
GO:0016887	F:high-affinity zinc transmembrane transporter activity	6	0.9995385353804036
GO:0140306	F:high-affinity zinc transmembrane transporter activity	1	0.991692091058437
GO:0022857	F:high-affinity zinc transmembrane transporter activity	2	0.761495866436791
GO:0044874	F:high-affinity zinc transmembrane transporter activity	1	0.959141186295011
GO:0042953	F:high-affinity zinc transmembrane transporter activity	1	0.9671779212871628
GO:0089705	F:high-affinity zinc transmembrane transporter activity	2	0.9995926890159823
GO:0055085	F:high-affinity zinc transmembrane transporter activity	3	0.9770597506706268
GO:0004462	F:high-affinity zinc transmembrane transporter activity	1	0.991692091058437
GO:0016151	F:high-affinity zinc transmembrane transporter activity	1	0.8605124365979625
GO:0019243	F:high-affinity zinc transmembrane transporter activity	1	0.9671779212871628
GO:0009636	F:high-affinity zinc transmembrane transporter activity	2	0.9903780338222109
GO:0071949	F:high-affinity zinc transmembrane transporter activity	1	0.7849811797259294
GO:0052851	F:high-affinity zinc transmembrane transporter activity	1	0.991692091058437
GO:0050660	F:high-affinity zinc transmembrane transporter activity	4	0.9990183364795643
GO:0010106	F:high-affinity zinc transmembrane transporter activity	1	0.9834528167382462
GO:0071289	F:high-affinity zinc transmembrane transporter activity	1	0.991692091058437
GO:0033212	F:high-affinity zinc transmembrane transporter activity	1	0.9752816132193677
GO:0015891	F:high-affinity zinc transmembrane transporter activity	2	0.9997952237760034
GO:0033214	F:high-affinity zinc transmembrane transporter activity	2	0.9970438948246843
GO:0008764	F:high-affinity zinc transmembrane transporter activity	1	0.991692091058437
GO:0007049	F:high-affinity zinc transmembrane transporter activity	5	0.9999805558742234
GO:0051301	F:high-affinity zinc transmembrane transporter activity	5	0.9998896010522097
GO:0071555	F:high-affinity zinc transmembrane transporter activity	2	0.8627748305071133
GO:0009252	F:high-affinity zinc transmembrane transporter activity	3	0.9941846104218145
GO:0008360	F:high-affinity zinc transmembrane transporter activity	2	0.9373993634217933
GO:0016020	F:high-affinity zinc transmembrane transporter activity	19	0.9999999999999956
GO:0016597	F:high-affinity zinc transmembrane transporter activity	1	0.8823376385664319
GO:0050897	F:high-affinity zinc transmembrane transporter activity	1	0.9047131876356549
GO:0004372	F:high-affinity zinc transmembrane transporter activity	1	0.991692091058437
GO:0030170	F:high-affinity zinc transmembrane transporter activity	6	0.9999922857689223
GO:0070905	F:high-affinity zinc transmembrane transporter activity	1	0.9834528167382462
GO:1904482	F:high-affinity zinc transmembrane transporter activity	1	0.991692091058437
GO:0046655	F:high-affinity zinc transmembrane transporter activity	1	0.9834528167382462
GO:0019264	F:high-affinity zinc transmembrane transporter activity	1	0.991692091058437
GO:0006546	F:high-affinity zinc transmembrane transporter activity	1	0.991692091058437
GO:0006544	F:high-affinity zinc transmembrane transporter activity	1	0.991692091058437
GO:0006565	F:high-affinity zinc transmembrane transporter activity	1	0.959141186295011
GO:0006730	F:high-affinity zinc transmembrane transporter activity	1	0.927652880605814
GO:0046653	F:high-affinity zinc transmembrane transporter activity	1	0.991692091058437
GO:0008788	F:high-affinity zinc transmembrane transporter activity	1	0.991692091058437
GO:0004556	F:high-affinity zinc transmembrane transporter activity	1	0.9752816132193677
GO:0009313	F:high-affinity zinc transmembrane transporter activity	1	0.9834528167382462
GO:0005993	F:high-affinity zinc transmembrane transporter activity	1	0.9752816132193677
GO:0003849	F:high-affinity zinc transmembrane transporter activity	1	0.9752816132193677
GO:0009073	F:high-affinity zinc transmembrane transporter activity	1	0.897192676941459
GO:0009423	F:high-affinity zinc transmembrane transporter activity	1	0.9122963781556865
GO:0071973	F:high-affinity zinc transmembrane transporter activity	1	0.7849811797259294
GO:0070301	F:high-affinity zinc transmembrane transporter activity	2	0.9964066655062463
GO:0034644	F:high-affinity zinc transmembrane transporter activity	1	0.9671779212871628
GO:0016888	F:high-affinity zinc transmembrane transporter activity	1	0.959141186295011
GO:0003677	F:high-affinity zinc transmembrane transporter activity	8	0.9881422367027379
GO:0001216	F:high-affinity zinc transmembrane transporter activity	4	0.9998242371707768
GO:0001217	F:high-affinity zinc transmembrane transporter activity	4	0.9999491781537321
GO:0045892	F:high-affinity zinc transmembrane transporter activity	4	0.9927042435663627
GO:0000160	F:high-affinity zinc transmembrane transporter activity	4	0.9995177157702299
GO:0031346	F:high-affinity zinc transmembrane transporter activity	1	0.991692091058437
GO:0045893	F:high-affinity zinc transmembrane transporter activity	5	0.9997618404975479
GO:0046677	F:high-affinity zinc transmembrane transporter activity	5	0.9984427091719748
GO:0044011	F:high-affinity zinc transmembrane transporter activity	1	0.9354272442358911
GO:0006351	F:high-affinity zinc transmembrane transporter activity	1	0.40864972451884796
GO:0008767	F:high-affinity zinc transmembrane transporter activity	1	0.991692091058437
GO:0009103	F:high-affinity zinc transmembrane transporter activity	2	0.9396341181010229
GO:0015386	F:high-affinity zinc transmembrane transporter activity	1	0.959141186295011
GO:0006884	F:high-affinity zinc transmembrane transporter activity	1	0.991692091058437
GO:0016149	F:high-affinity zinc transmembrane transporter activity	2	0.9995926890159823
GO:0006415	F:high-affinity zinc transmembrane transporter activity	2	0.998992827134029
GO:0004664	F:high-affinity zinc transmembrane transporter activity	1	0.991692091058437
GO:0003824	F:high-affinity zinc transmembrane transporter activity	1	0.8116522004007152
GO:0004474	F:high-affinity zinc transmembrane transporter activity	1	0.9834528167382462
GO:0006097	F:high-affinity zinc transmembrane transporter activity	2	0.9981404196460526
GO:0006099	F:high-affinity zinc transmembrane transporter activity	3	0.9982426799687015
GO:0004176	F:high-affinity zinc transmembrane transporter activity	1	0.9432663911621613
GO:0004252	F:high-affinity zinc transmembrane transporter activity	2	0.9941511754217472
GO:0030163	F:high-affinity zinc transmembrane transporter activity	1	0.9511708581272074
GO:0042132	F:high-affinity zinc transmembrane transporter activity	2	0.9997952237760034
GO:0000166	F:high-affinity zinc transmembrane transporter activity	3	0.9976577108283722
GO:0030388	F:high-affinity zinc transmembrane transporter activity	2	0.9995926890159823
GO:0006002	F:high-affinity zinc transmembrane transporter activity	1	0.9671779212871628
GO:0006000	F:high-affinity zinc transmembrane transporter activity	1	0.9752816132193677
GO:0006094	F:high-affinity zinc transmembrane transporter activity	5	0.9999999295299374
GO:0005986	F:high-affinity zinc transmembrane transporter activity	1	0.991692091058437
GO:0016021	F:high-affinity zinc transmembrane transporter activity	23	0.9999999930656255
GO:0033281	F:high-affinity zinc transmembrane transporter activity	1	0.9671779212871628
GO:0009977	F:high-affinity zinc transmembrane transporter activity	1	0.9752816132193677
GO:0065002	F:high-affinity zinc transmembrane transporter activity	1	0.927652880605814
GO:0043953	F:high-affinity zinc transmembrane transporter activity	1	0.9671779212871628
GO:0008921	F:high-affinity zinc transmembrane transporter activity	1	0.9834528167382462
GO:0070626	F:high-affinity zinc transmembrane transporter activity	1	0.991692091058437
GO:0004018	F:high-affinity zinc transmembrane transporter activity	1	0.991692091058437
GO:0044208	F:high-affinity zinc transmembrane transporter activity	2	0.9999313653786277
GO:0006189	F:high-affinity zinc transmembrane transporter activity	2	0.9957114738760361
GO:0003879	F:high-affinity zinc transmembrane transporter activity	1	0.991692091058437
GO:0000105	F:high-affinity zinc transmembrane transporter activity	1	0.9199427679148284
GO:0009279	F:high-affinity zinc transmembrane transporter activity	28	1.0
GO:0042597	F:high-affinity zinc transmembrane transporter activity	2	0.8250645418940148
GO:1990351	F:high-affinity zinc transmembrane transporter activity	2	0.9985976599174836
GO:0017089	F:high-affinity zinc transmembrane transporter activity	1	0.9834528167382462
GO:0001530	F:high-affinity zinc transmembrane transporter activity	2	0.9995926890159823
GO:0043165	F:high-affinity zinc transmembrane transporter activity	6	0.9999999995061497
GO:0015920	F:high-affinity zinc transmembrane transporter activity	2	0.9976221532765082
GO:0019003	F:high-affinity zinc transmembrane transporter activity	2	0.998992827134029
GO:0005525	F:high-affinity zinc transmembrane transporter activity	8	0.9999999739469071
GO:0003924	F:high-affinity zinc transmembrane transporter activity	5	0.9999986013517848
GO:0032561	F:high-affinity zinc transmembrane transporter activity	1	0.991692091058437
GO:0043023	F:high-affinity zinc transmembrane transporter activity	2	0.9957114738760361
GO:0019843	F:high-affinity zinc transmembrane transporter activity	3	0.9938067919060813
GO:0007059	F:high-affinity zinc transmembrane transporter activity	1	0.8897343309045138
GO:0022611	F:high-affinity zinc transmembrane transporter activity	1	0.9511708581272074
GO:0090071	F:high-affinity zinc transmembrane transporter activity	1	0.9752816132193677
GO:0042255	F:high-affinity zinc transmembrane transporter activity	1	0.9671779212871628
GO:0003723	F:high-affinity zinc transmembrane transporter activity	6	0.9999454408765365
GO:0004831	F:high-affinity zinc transmembrane transporter activity	1	0.991692091058437
GO:0043039	F:high-affinity zinc transmembrane transporter activity	1	0.9834528167382462
GO:0006437	F:high-affinity zinc transmembrane transporter activity	1	0.991692091058437
GO:0032153	F:high-affinity zinc transmembrane transporter activity	4	0.9998439080123058
GO:0006970	F:high-affinity zinc transmembrane transporter activity	1	0.8605124365979625
GO:0003883	F:high-affinity zinc transmembrane transporter activity	1	0.991692091058437
GO:0044210	F:high-affinity zinc transmembrane transporter activity	1	0.9834528167382462
GO:0006241	F:high-affinity zinc transmembrane transporter activity	2	0.9999313653786277
GO:0006541	F:high-affinity zinc transmembrane transporter activity	1	0.9047131876356549
GO:0019856	F:high-affinity zinc transmembrane transporter activity	1	0.9752816132193677
GO:0071575	F:high-affinity zinc transmembrane transporter activity	3	0.9999351870838038
GO:0003755	F:high-affinity zinc transmembrane transporter activity	2	0.9970438948246843
GO:0010181	F:high-affinity zinc transmembrane transporter activity	2	0.9658655985449188
GO:0000049	F:high-affinity zinc transmembrane transporter activity	3	0.9938067919060813
GO:0017150	F:high-affinity zinc transmembrane transporter activity	1	0.9752816132193677
GO:0102264	F:high-affinity zinc transmembrane transporter activity	1	0.991692091058437
GO:0000917	F:high-affinity zinc transmembrane transporter activity	1	0.8897343309045138
GO:0043093	F:high-affinity zinc transmembrane transporter activity	1	0.7982059298408546
GO:0004609	F:high-affinity zinc transmembrane transporter activity	1	0.991692091058437
GO:0006646	F:high-affinity zinc transmembrane transporter activity	1	0.991692091058437
GO:0016540	F:high-affinity zinc transmembrane transporter activity	1	0.9752816132193677
GO:0031638	F:high-affinity zinc transmembrane transporter activity	1	0.9834528167382462
GO:0008237	F:high-affinity zinc transmembrane transporter activity	1	0.8392241204658599
GO:0006508	F:high-affinity zinc transmembrane transporter activity	2	0.978976763823863
GO:0098796	F:high-affinity zinc transmembrane transporter activity	2	0.9997952237760034
GO:0043086	F:high-affinity zinc transmembrane transporter activity	2	0.998992827134029
GO:0032991	F:high-affinity zinc transmembrane transporter activity	2	0.9857847319943133
GO:0004170	F:high-affinity zinc transmembrane transporter activity	1	0.9834528167382462
GO:0006226	F:high-affinity zinc transmembrane transporter activity	1	0.9752816132193677
GO:0046081	F:high-affinity zinc transmembrane transporter activity	1	0.9834528167382462
GO:0004019	F:high-affinity zinc transmembrane transporter activity	1	0.991692091058437
GO:0046086	F:high-affinity zinc transmembrane transporter activity	1	0.991692091058437
GO:0046040	F:high-affinity zinc transmembrane transporter activity	1	0.991692091058437
GO:0015949	F:high-affinity zinc transmembrane transporter activity	4	0.999983809554482
GO:0006164	F:high-affinity zinc transmembrane transporter activity	2	0.9981404196460526
GO:0006355	F:high-affinity zinc transmembrane transporter activity	3	0.8593069010096605
GO:0004637	F:high-affinity zinc transmembrane transporter activity	1	0.9834528167382462
GO:0009113	F:high-affinity zinc transmembrane transporter activity	1	0.9752816132193677
GO:0004857	F:high-affinity zinc transmembrane transporter activity	1	0.9511708581272074
GO:0043022	F:high-affinity zinc transmembrane transporter activity	5	0.9999968518739103
GO:0035870	F:high-affinity zinc transmembrane transporter activity	1	0.991692091058437
GO:0036220	F:high-affinity zinc transmembrane transporter activity	1	0.991692091058437
GO:0017111	F:high-affinity zinc transmembrane transporter activity	1	0.9671779212871628
GO:0047429	F:high-affinity zinc transmembrane transporter activity	1	0.9671779212871628
GO:0042803	F:high-affinity zinc transmembrane transporter activity	3	0.999116562277595
GO:0036222	F:high-affinity zinc transmembrane transporter activity	1	0.991692091058437
GO:0009143	F:high-affinity zinc transmembrane transporter activity	1	0.991692091058437
GO:0009117	F:high-affinity zinc transmembrane transporter activity	1	0.9511708581272074
GO:0009146	F:high-affinity zinc transmembrane transporter activity	1	0.991692091058437
GO:0004024	F:high-affinity zinc transmembrane transporter activity	1	0.991692091058437
GO:0051903	F:high-affinity zinc transmembrane transporter activity	1	0.991692091058437
GO:0006069	F:high-affinity zinc transmembrane transporter activity	1	0.991692091058437
GO:0046294	F:high-affinity zinc transmembrane transporter activity	1	0.9752816132193677
GO:0004795	F:high-affinity zinc transmembrane transporter activity	1	0.991692091058437
GO:0009088	F:high-affinity zinc transmembrane transporter activity	1	0.9511708581272074
GO:0004648	F:high-affinity zinc transmembrane transporter activity	1	0.991692091058437
GO:0006564	F:high-affinity zinc transmembrane transporter activity	1	0.9671779212871628
GO:0006563	F:high-affinity zinc transmembrane transporter activity	1	0.991692091058437
GO:0033359	F:high-affinity zinc transmembrane transporter activity	1	0.9834528167382462
GO:0042823	F:high-affinity zinc transmembrane transporter activity	1	0.9671779212871628
GO:0008615	F:high-affinity zinc transmembrane transporter activity	1	0.9354272442358911
GO:0003746	F:high-affinity zinc transmembrane transporter activity	4	0.9999996859147525
GO:0006414	F:high-affinity zinc transmembrane transporter activity	3	0.9999977585360244
GO:0022627	F:high-affinity zinc transmembrane transporter activity	3	0.9988665838921009
GO:0003735	F:high-affinity zinc transmembrane transporter activity	9	0.9999999988461
GO:0000028	F:high-affinity zinc transmembrane transporter activity	2	0.9881802540821938
GO:0006412	F:high-affinity zinc transmembrane transporter activity	9	0.9999999967043746
GO:0004155	F:high-affinity zinc transmembrane transporter activity	1	0.991692091058437
GO:0018545	F:high-affinity zinc transmembrane transporter activity	1	0.991692091058437
GO:0016491	F:high-affinity zinc transmembrane transporter activity	4	0.9959271493636424
GO:0046256	F:high-affinity zinc transmembrane transporter activity	1	0.9834528167382462
GO:0008706	F:high-affinity zinc transmembrane transporter activity	1	0.9671779212871628
GO:0008422	F:high-affinity zinc transmembrane transporter activity	1	0.9671779212871628
GO:0015926	F:high-affinity zinc transmembrane transporter activity	1	0.9752816132193677
GO:0103047	F:high-affinity zinc transmembrane transporter activity	1	0.9671779212871628
GO:0016052	F:high-affinity zinc transmembrane transporter activity	2	0.998992827134029
GO:0043906	F:high-affinity zinc transmembrane transporter activity	1	0.991692091058437
GO:0004827	F:high-affinity zinc transmembrane transporter activity	1	0.991692091058437
GO:0006433	F:high-affinity zinc transmembrane transporter activity	1	0.991692091058437
GO:0009986	F:high-affinity zinc transmembrane transporter activity	3	0.9999977585360244
GO:0005856	F:high-affinity zinc transmembrane transporter activity	1	0.9752816132193677
GO:0005576	F:high-affinity zinc transmembrane transporter activity	3	0.9998081592315462
GO:0000015	F:high-affinity zinc transmembrane transporter activity	1	0.991692091058437
GO:0004634	F:high-affinity zinc transmembrane transporter activity	1	0.991692091058437
GO:0006096	F:high-affinity zinc transmembrane transporter activity	3	0.9995046807638878
GO:0032889	F:high-affinity zinc transmembrane transporter activity	1	0.991692091058437
GO:0046316	F:high-affinity zinc transmembrane transporter activity	1	0.9834528167382462
GO:0046177	F:high-affinity zinc transmembrane transporter activity	1	0.9432663911621613
GO:0005509	F:high-affinity zinc transmembrane transporter activity	2	0.9957114738760361
GO:0004612	F:high-affinity zinc transmembrane transporter activity	1	0.991692091058437
GO:0031234	F:high-affinity zinc transmembrane transporter activity	1	0.9047131876356549
GO:0019898	F:high-affinity zinc transmembrane transporter activity	2	0.9995926890159823
GO:0016791	F:high-affinity zinc transmembrane transporter activity	2	0.9857847319943133
GO:0050308	F:high-affinity zinc transmembrane transporter activity	2	0.9981404196460526
GO:0008673	F:high-affinity zinc transmembrane transporter activity	1	0.991692091058437
GO:0019200	F:high-affinity zinc transmembrane transporter activity	1	0.9432663911621613
GO:0019698	F:high-affinity zinc transmembrane transporter activity	2	0.998992827134029
GO:0042840	F:high-affinity zinc transmembrane transporter activity	2	0.998992827134029
GO:1990220	F:high-affinity zinc transmembrane transporter activity	1	0.9834528167382462
GO:0051087	F:high-affinity zinc transmembrane transporter activity	2	0.9976221532765082
GO:0051082	F:high-affinity zinc transmembrane transporter activity	1	0.8253236805379696
GO:0051085	F:high-affinity zinc transmembrane transporter activity	1	0.9354272442358911
GO:0006457	F:high-affinity zinc transmembrane transporter activity	2	0.9881802540821938
GO:0019068	F:high-affinity zinc transmembrane transporter activity	1	0.9834528167382462
GO:0003850	F:high-affinity zinc transmembrane transporter activity	1	0.991692091058437
GO:0004346	F:high-affinity zinc transmembrane transporter activity	1	0.991692091058437
GO:0050084	F:high-affinity zinc transmembrane transporter activity	1	0.9834528167382462
GO:0050286	F:high-affinity zinc transmembrane transporter activity	1	0.9834528167382462
GO:0005975	F:high-affinity zinc transmembrane transporter activity	2	0.9161081632911664
GO:0030145	F:high-affinity zinc transmembrane transporter activity	4	0.9987922564170638
GO:0008973	F:high-affinity zinc transmembrane transporter activity	1	0.9834528167382462
GO:0006015	F:high-affinity zinc transmembrane transporter activity	1	0.9752816132193677
GO:0043094	F:high-affinity zinc transmembrane transporter activity	1	0.9834528167382462
GO:0009264	F:high-affinity zinc transmembrane transporter activity	2	0.9999313653786277
GO:0043531	F:high-affinity zinc transmembrane transporter activity	1	0.9122963781556865
GO:0004618	F:high-affinity zinc transmembrane transporter activity	1	0.991692091058437
GO:1903862	F:high-affinity zinc transmembrane transporter activity	1	0.991692091058437
GO:0008716	F:high-affinity zinc transmembrane transporter activity	1	0.9834528167382462
GO:0016150	F:high-affinity zinc transmembrane transporter activity	1	0.991692091058437
GO:0006449	F:high-affinity zinc transmembrane transporter activity	1	0.991692091058437
GO:0046538	F:high-affinity zinc transmembrane transporter activity	1	0.991692091058437
GO:0061621	F:high-affinity zinc transmembrane transporter activity	1	0.9834528167382462
GO:0097367	F:high-affinity zinc transmembrane transporter activity	1	0.9122963781556865
GO:0008968	F:high-affinity zinc transmembrane transporter activity	1	0.991692091058437
GO:2001061	F:high-affinity zinc transmembrane transporter activity	1	0.991692091058437
GO:0009244	F:high-affinity zinc transmembrane transporter activity	2	0.978976763823863
GO:0003697	F:high-affinity zinc transmembrane transporter activity	2	0.9857847319943133
GO:0001072	F:high-affinity zinc transmembrane transporter activity	1	0.9122963781556865
GO:0060567	F:high-affinity zinc transmembrane transporter activity	1	0.9199427679148284
GO:0003989	F:high-affinity zinc transmembrane transporter activity	1	0.9671779212871628
GO:0004075	F:high-affinity zinc transmembrane transporter activity	1	0.991692091058437
GO:0006633	F:high-affinity zinc transmembrane transporter activity	2	0.9903780338222109
GO:2001295	F:high-affinity zinc transmembrane transporter activity	1	0.9752816132193677
GO:0045717	F:high-affinity zinc transmembrane transporter activity	1	0.9834528167382462
GO:0019197	F:high-affinity zinc transmembrane transporter activity	1	0.991692091058437
GO:0016301	F:high-affinity zinc transmembrane transporter activity	2	0.9161081632911664
GO:0008965	F:high-affinity zinc transmembrane transporter activity	1	0.9671779212871628
GO:0009401	F:high-affinity zinc transmembrane transporter activity	1	0.6007236367901423
GO:0003684	F:high-affinity zinc transmembrane transporter activity	1	0.927652880605814
GO:0008094	F:high-affinity zinc transmembrane transporter activity	1	0.9199427679148284
GO:0048870	F:high-affinity zinc transmembrane transporter activity	1	0.9752816132193677
GO:0006310	F:high-affinity zinc transmembrane transporter activity	1	0.6108595955721133
GO:0006281	F:high-affinity zinc transmembrane transporter activity	1	0.6810172018796045
GO:0010212	F:high-affinity zinc transmembrane transporter activity	1	0.9047131876356549
GO:0009314	F:high-affinity zinc transmembrane transporter activity	2	0.9351368333261252
GO:0009432	F:high-affinity zinc transmembrane transporter activity	1	0.7784507384394332
GO:0005618	F:high-affinity zinc transmembrane transporter activity	1	0.9834528167382462
GO:0045203	F:high-affinity zinc transmembrane transporter activity	8	0.9999999999999759
GO:0031230	F:high-affinity zinc transmembrane transporter activity	8	0.9999999999999969
GO:0008289	F:high-affinity zinc transmembrane transporter activity	2	0.9981404196460526
GO:0042834	F:high-affinity zinc transmembrane transporter activity	1	0.9432663911621613
GO:0030258	F:high-affinity zinc transmembrane transporter activity	1	0.9834528167382462
GO:0043580	F:high-affinity zinc transmembrane transporter activity	1	0.991692091058437
GO:0004357	F:high-affinity zinc transmembrane transporter activity	1	0.9834528167382462
GO:0071243	F:high-affinity zinc transmembrane transporter activity	1	0.991692091058437
GO:0071288	F:high-affinity zinc transmembrane transporter activity	1	0.9834528167382462
GO:0006750	F:high-affinity zinc transmembrane transporter activity	1	0.9752816132193677
GO:0006972	F:high-affinity zinc transmembrane transporter activity	1	0.9354272442358911
GO:0004370	F:high-affinity zinc transmembrane transporter activity	1	0.991692091058437
GO:0019563	F:high-affinity zinc transmembrane transporter activity	1	0.927652880605814
GO:0006071	F:high-affinity zinc transmembrane transporter activity	2	0.9970438948246843
GO:0006072	F:high-affinity zinc transmembrane transporter activity	1	0.9752816132193677
GO:0016310	F:high-affinity zinc transmembrane transporter activity	1	0.9354272442358911
GO:0043590	F:high-affinity zinc transmembrane transporter activity	2	0.9981404196460526
GO:0015666	F:high-affinity zinc transmembrane transporter activity	1	0.9834528167382462
GO:0032067	F:high-affinity zinc transmembrane transporter activity	1	0.991692091058437
GO:0009307	F:high-affinity zinc transmembrane transporter activity	1	0.927652880605814
GO:0051599	F:high-affinity zinc transmembrane transporter activity	1	0.991692091058437
GO:0004747	F:high-affinity zinc transmembrane transporter activity	1	0.991692091058437
GO:0019303	F:high-affinity zinc transmembrane transporter activity	1	0.9834528167382462
GO:0042286	F:high-affinity zinc transmembrane transporter activity	1	0.991692091058437
GO:0008483	F:high-affinity zinc transmembrane transporter activity	2	0.9964066655062463
GO:0006779	F:high-affinity zinc transmembrane transporter activity	1	0.9354272442358911
GO:0006782	F:high-affinity zinc transmembrane transporter activity	1	0.9432663911621613
GO:0033014	F:high-affinity zinc transmembrane transporter activity	1	0.9834528167382462
GO:0004801	F:high-affinity zinc transmembrane transporter activity	1	0.9834528167382462
GO:0016744	F:high-affinity zinc transmembrane transporter activity	1	0.9834528167382462
GO:0009052	F:high-affinity zinc transmembrane transporter activity	1	0.9432663911621613
GO:0008662	F:high-affinity zinc transmembrane transporter activity	1	0.991692091058437
GO:0008443	F:high-affinity zinc transmembrane transporter activity	1	0.9834528167382462
GO:0006001	F:high-affinity zinc transmembrane transporter activity	1	0.991692091058437
GO:0052547	F:high-affinity zinc transmembrane transporter activity	1	0.991692091058437
GO:0001000	F:high-affinity zinc transmembrane transporter activity	1	0.959141186295011
GO:0003700	F:high-affinity zinc transmembrane transporter activity	5	0.9744904671839323
GO:0019904	F:high-affinity zinc transmembrane transporter activity	4	0.9999985479535348
GO:0051259	F:high-affinity zinc transmembrane transporter activity	1	0.9752816132193677
GO:0031564	F:high-affinity zinc transmembrane transporter activity	2	0.9970438948246843
GO:0001125	F:high-affinity zinc transmembrane transporter activity	1	0.991692091058437
GO:0042912	F:high-affinity zinc transmembrane transporter activity	3	0.9999994361799399
GO:0015343	F:high-affinity zinc transmembrane transporter activity	1	0.9834528167382462
GO:0015344	F:high-affinity zinc transmembrane transporter activity	6	0.9999999999916589
GO:0055072	F:high-affinity zinc transmembrane transporter activity	4	0.999996894577588
GO:0044718	F:high-affinity zinc transmembrane transporter activity	3	0.9999977585360244
GO:0044183	F:high-affinity zinc transmembrane transporter activity	1	0.9432663911621613
GO:0051083	F:high-affinity zinc transmembrane transporter activity	1	0.991692091058437
GO:0043335	F:high-affinity zinc transmembrane transporter activity	1	0.9671779212871628
GO:0004127	F:high-affinity zinc transmembrane transporter activity	1	0.991692091058437
GO:0006220	F:high-affinity zinc transmembrane transporter activity	2	0.9999313653786277
GO:0010165	F:high-affinity zinc transmembrane transporter activity	1	0.8677271919993096
GO:0003992	F:high-affinity zinc transmembrane transporter activity	1	0.9752816132193677
GO:0043825	F:high-affinity zinc transmembrane transporter activity	1	0.991692091058437
GO:0042450	F:high-affinity zinc transmembrane transporter activity	1	0.9354272442358911
GO:0006527	F:high-affinity zinc transmembrane transporter activity	1	0.959141186295011
GO:0019544	F:high-affinity zinc transmembrane transporter activity	1	0.959141186295011
GO:0019545	F:high-affinity zinc transmembrane transporter activity	1	0.959141186295011
GO:0006593	F:high-affinity zinc transmembrane transporter activity	1	0.991692091058437
GO:0003690	F:high-affinity zinc transmembrane transporter activity	1	0.927652880605814
GO:0003727	F:high-affinity zinc transmembrane transporter activity	1	0.9671779212871628
GO:0016783	F:high-affinity zinc transmembrane transporter activity	1	0.9354272442358911
GO:0002143	F:high-affinity zinc transmembrane transporter activity	1	0.9511708581272074
GO:0004450	F:high-affinity zinc transmembrane transporter activity	1	0.991692091058437
GO:0022900	F:high-affinity zinc transmembrane transporter activity	1	0.9511708581272074
GO:0043488	F:high-affinity zinc transmembrane transporter activity	1	0.9671779212871628
GO:0006417	F:high-affinity zinc transmembrane transporter activity	2	0.9923708198907099
GO:0004017	F:high-affinity zinc transmembrane transporter activity	1	0.9834528167382462
GO:0016208	F:high-affinity zinc transmembrane transporter activity	1	0.959141186295011
GO:0004550	F:high-affinity zinc transmembrane transporter activity	2	0.9999313653786277
GO:0006172	F:high-affinity zinc transmembrane transporter activity	1	0.991692091058437
GO:0044209	F:high-affinity zinc transmembrane transporter activity	1	0.9752816132193677
GO:0009132	F:high-affinity zinc transmembrane transporter activity	1	0.9834528167382462
GO:0009123	F:high-affinity zinc transmembrane transporter activity	1	0.991692091058437
GO:0006163	F:high-affinity zinc transmembrane transporter activity	2	0.9999313653786277
GO:0015951	F:high-affinity zinc transmembrane transporter activity	1	0.9834528167382462
GO:0016776	F:high-affinity zinc transmembrane transporter activity	1	0.9354272442358911
GO:0008484	F:high-affinity zinc transmembrane transporter activity	1	0.9511708581272074
GO:0032993	F:high-affinity zinc transmembrane transporter activity	5	0.9999567522739645
GO:0000156	F:high-affinity zinc transmembrane transporter activity	3	0.9987265305587854
GO:0000976	F:high-affinity zinc transmembrane transporter activity	5	0.9993565302530657
GO:0051537	F:high-affinity zinc transmembrane transporter activity	1	0.7591817837856051
GO:0032790	F:high-affinity zinc transmembrane transporter activity	1	0.9752816132193677
GO:0015921	F:high-affinity zinc transmembrane transporter activity	1	0.991692091058437
GO:0010033	F:high-affinity zinc transmembrane transporter activity	1	0.991692091058437
GO:0019213	F:high-affinity zinc transmembrane transporter activity	1	0.9752816132193677
GO:0005506	F:high-affinity zinc transmembrane transporter activity	3	0.9912343802758852
GO:0008759	F:high-affinity zinc transmembrane transporter activity	1	0.991692091058437
GO:0103117	F:high-affinity zinc transmembrane transporter activity	1	0.991692091058437
GO:0009245	F:high-affinity zinc transmembrane transporter activity	1	0.8184595563271236
GO:0004139	F:high-affinity zinc transmembrane transporter activity	1	0.991692091058437
GO:0016829	F:high-affinity zinc transmembrane transporter activity	1	0.8392241204658599
GO:0046386	F:high-affinity zinc transmembrane transporter activity	1	0.991692091058437
GO:0047001	F:high-affinity zinc transmembrane transporter activity	1	0.991692091058437
GO:0008678	F:high-affinity zinc transmembrane transporter activity	1	0.991692091058437
GO:0016616	F:high-affinity zinc transmembrane transporter activity	2	0.9845150338720959
GO:0033764	F:high-affinity zinc transmembrane transporter activity	1	0.991692091058437
GO:0005085	F:high-affinity zinc transmembrane transporter activity	1	0.991692091058437
GO:0016209	F:high-affinity zinc transmembrane transporter activity	1	0.991692091058437
GO:0004784	F:high-affinity zinc transmembrane transporter activity	2	0.9997952237760034
GO:0071291	F:high-affinity zinc transmembrane transporter activity	1	0.991692091058437
GO:0019430	F:high-affinity zinc transmembrane transporter activity	2	0.9993248612557705
GO:0010447	F:high-affinity zinc transmembrane transporter activity	2	0.9941511754217472
GO:0006801	F:high-affinity zinc transmembrane transporter activity	2	0.9997952237760034
GO:0009055	F:high-affinity zinc transmembrane transporter activity	2	0.848485448733395
GO:0016672	F:high-affinity zinc transmembrane transporter activity	1	0.9752816132193677
GO:0015035	F:high-affinity zinc transmembrane transporter activity	1	0.897192676941459
GO:0048039	F:high-affinity zinc transmembrane transporter activity	1	0.9511708581272074
GO:0022625	F:high-affinity zinc transmembrane transporter activity	6	0.9999997712221779
GO:0015934	F:high-affinity zinc transmembrane transporter activity	2	0.9981404196460526
GO:0070180	F:high-affinity zinc transmembrane transporter activity	1	0.9354272442358911
GO:0017148	F:high-affinity zinc transmembrane transporter activity	2	0.9949593159660043
GO:0042254	F:high-affinity zinc transmembrane transporter activity	2	0.9976221532765082
GO:0030060	F:high-affinity zinc transmembrane transporter activity	1	0.991692091058437
GO:0016615	F:high-affinity zinc transmembrane transporter activity	1	0.991692091058437
GO:0009061	F:high-affinity zinc transmembrane transporter activity	1	0.6641474332313181
GO:0006113	F:high-affinity zinc transmembrane transporter activity	1	0.9354272442358911
GO:0006108	F:high-affinity zinc transmembrane transporter activity	1	0.9511708581272074
GO:2001125	F:high-affinity zinc transmembrane transporter activity	1	0.991692091058437
GO:0072344	F:high-affinity zinc transmembrane transporter activity	1	0.9671779212871628
GO:0019897	F:high-affinity zinc transmembrane transporter activity	1	0.9511708581272074
GO:0031226	F:high-affinity zinc transmembrane transporter activity	1	0.9047131876356549
GO:0005047	F:high-affinity zinc transmembrane transporter activity	1	0.991692091058437
GO:0006605	F:high-affinity zinc transmembrane transporter activity	1	0.9511708581272074
GO:0006614	F:high-affinity zinc transmembrane transporter activity	1	0.9834528167382462
GO:0003725	F:high-affinity zinc transmembrane transporter activity	1	0.9671779212871628
GO:0015424	F:high-affinity zinc transmembrane transporter activity	1	0.959141186295011
GO:0005291	F:high-affinity zinc transmembrane transporter activity	1	0.9834528167382462
GO:0015817	F:high-affinity zinc transmembrane transporter activity	1	0.991692091058437
GO:1903810	F:high-affinity zinc transmembrane transporter activity	1	0.9834528167382462
GO:0089709	F:high-affinity zinc transmembrane transporter activity	1	0.9834528167382462
GO:0004798	F:high-affinity zinc transmembrane transporter activity	1	0.991692091058437
GO:0009041	F:high-affinity zinc transmembrane transporter activity	1	0.991692091058437
GO:0006233	F:high-affinity zinc transmembrane transporter activity	1	0.991692091058437
GO:0006235	F:high-affinity zinc transmembrane transporter activity	1	0.9834528167382462
GO:0006227	F:high-affinity zinc transmembrane transporter activity	1	0.991692091058437
GO:0009321	F:high-affinity zinc transmembrane transporter activity	1	0.9834528167382462
GO:0016684	F:high-affinity zinc transmembrane transporter activity	1	0.991692091058437
GO:0004601	F:high-affinity zinc transmembrane transporter activity	1	0.927652880605814
GO:0009970	F:high-affinity zinc transmembrane transporter activity	1	0.9752816132193677
GO:0033195	F:high-affinity zinc transmembrane transporter activity	1	0.991692091058437
GO:0033194	F:high-affinity zinc transmembrane transporter activity	1	0.9671779212871628
GO:0019290	F:high-affinity zinc transmembrane transporter activity	1	0.9834528167382462
GO:0006354	F:high-affinity zinc transmembrane transporter activity	1	0.9671779212871628
GO:0006353	F:high-affinity zinc transmembrane transporter activity	1	0.959141186295011
GO:0032784	F:high-affinity zinc transmembrane transporter activity	1	0.9671779212871628
GO:0009271	F:high-affinity zinc transmembrane transporter activity	1	0.9671779212871628
GO:0009333	F:high-affinity zinc transmembrane transporter activity	1	0.9834528167382462
GO:0004124	F:high-affinity zinc transmembrane transporter activity	1	0.9834528167382462
GO:0080146	F:high-affinity zinc transmembrane transporter activity	1	0.9511708581272074
GO:0050272	F:high-affinity zinc transmembrane transporter activity	1	0.991692091058437
GO:0016740	F:high-affinity zinc transmembrane transporter activity	1	0.8750020931448135
GO:0008652	F:high-affinity zinc transmembrane transporter activity	1	0.9432663911621613
GO:0006535	F:high-affinity zinc transmembrane transporter activity	1	0.9671779212871628
GO:0000303	F:high-affinity zinc transmembrane transporter activity	1	0.9752816132193677
GO:0000027	F:high-affinity zinc transmembrane transporter activity	4	0.9999304008156935
GO:0004845	F:high-affinity zinc transmembrane transporter activity	1	0.991692091058437
GO:0009116	F:high-affinity zinc transmembrane transporter activity	1	0.959141186295011
GO:0044206	F:high-affinity zinc transmembrane transporter activity	1	0.9752816132193677
GO:0006223	F:high-affinity zinc transmembrane transporter activity	1	0.991692091058437
GO:0004814	F:high-affinity zinc transmembrane transporter activity	1	0.9834528167382462
GO:0006420	F:high-affinity zinc transmembrane transporter activity	1	0.9834528167382462
GO:0002083	F:high-affinity zinc transmembrane transporter activity	1	0.991692091058437
GO:0047293	F:high-affinity zinc transmembrane transporter activity	1	0.991692091058437
GO:0008412	F:high-affinity zinc transmembrane transporter activity	1	0.991692091058437
GO:0016765	F:high-affinity zinc transmembrane transporter activity	1	0.9671779212871628
GO:0006744	F:high-affinity zinc transmembrane transporter activity	1	0.8605124365979625
GO:0000062	F:high-affinity zinc transmembrane transporter activity	1	0.9834528167382462
GO:0019395	F:high-affinity zinc transmembrane transporter activity	1	0.991692091058437
GO:0045723	F:high-affinity zinc transmembrane transporter activity	1	0.991692091058437
GO:0019217	F:high-affinity zinc transmembrane transporter activity	1	0.991692091058437
GO:0038023	F:high-affinity zinc transmembrane transporter activity	5	0.9999999997770875
GO:0015038	F:high-affinity zinc transmembrane transporter activity	1	0.991692091058437
GO:0097573	F:high-affinity zinc transmembrane transporter activity	1	0.991692091058437
GO:0006183	F:high-affinity zinc transmembrane transporter activity	1	0.9834528167382462
GO:0006228	F:high-affinity zinc transmembrane transporter activity	1	0.991692091058437
GO:0008877	F:high-affinity zinc transmembrane transporter activity	1	0.9834528167382462
GO:0030964	F:high-affinity zinc transmembrane transporter activity	1	0.8897343309045138
GO:0045272	F:high-affinity zinc transmembrane transporter activity	1	0.8750020931448135
GO:0008137	F:high-affinity zinc transmembrane transporter activity	1	0.8677271919993096
GO:0048038	F:high-affinity zinc transmembrane transporter activity	1	0.8605124365979625
GO:0031246	F:high-affinity zinc transmembrane transporter activity	1	0.9752816132193677
GO:0004047	F:high-affinity zinc transmembrane transporter activity	1	0.991692091058437
GO:0019464	F:high-affinity zinc transmembrane transporter activity	1	0.9671779212871628
GO:0009992	F:high-affinity zinc transmembrane transporter activity	1	0.9671779212871628
GO:0006813	F:high-affinity zinc transmembrane transporter activity	1	0.897192676941459
GO:0102131	F:high-affinity zinc transmembrane transporter activity	1	0.991692091058437
GO:0102132	F:high-affinity zinc transmembrane transporter activity	1	0.991692091058437
GO:0004316	F:high-affinity zinc transmembrane transporter activity	1	0.991692091058437
GO:0050661	F:high-affinity zinc transmembrane transporter activity	1	0.7719743210150489
GO:0009102	F:high-affinity zinc transmembrane transporter activity	1	0.9199427679148284
GO:0030497	F:high-affinity zinc transmembrane transporter activity	1	0.9834528167382462
GO:0008610	F:high-affinity zinc transmembrane transporter activity	1	0.959141186295011
GO:0052740	F:high-affinity zinc transmembrane transporter activity	1	0.991692091058437
GO:0004622	F:high-affinity zinc transmembrane transporter activity	1	0.9671779212871628
GO:0052739	F:high-affinity zinc transmembrane transporter activity	1	0.991692091058437
GO:0008970	F:high-affinity zinc transmembrane transporter activity	1	0.991692091058437
GO:0004623	F:high-affinity zinc transmembrane transporter activity	1	0.991692091058437
GO:0102567	F:high-affinity zinc transmembrane transporter activity	1	0.991692091058437
GO:0102568	F:high-affinity zinc transmembrane transporter activity	1	0.991692091058437
GO:0004620	F:high-affinity zinc transmembrane transporter activity	1	0.991692091058437
GO:0016042	F:high-affinity zinc transmembrane transporter activity	1	0.9671779212871628
GO:0046471	F:high-affinity zinc transmembrane transporter activity	1	0.991692091058437
GO:0048027	F:high-affinity zinc transmembrane transporter activity	1	0.9511708581272074
GO:0070181	F:high-affinity zinc transmembrane transporter activity	1	0.9432663911621613
GO:0008097	F:high-affinity zinc transmembrane transporter activity	2	0.9997952237760034
GO:0009295	F:high-affinity zinc transmembrane transporter activity	2	0.9964066655062463
GO:0003680	F:high-affinity zinc transmembrane transporter activity	2	0.9997952237760034
GO:0003681	F:high-affinity zinc transmembrane transporter activity	2	0.9993248612557705
GO:0046983	F:high-affinity zinc transmembrane transporter activity	2	0.9941511754217472
GO:0016458	F:high-affinity zinc transmembrane transporter activity	2	0.9999313653786277
GO:1990063	F:high-affinity zinc transmembrane transporter activity	4	0.9999999771225072
GO:0051205	F:high-affinity zinc transmembrane transporter activity	4	0.9999998419310681
GO:0097347	F:high-affinity zinc transmembrane transporter activity	1	0.9834528167382462
GO:0009306	F:high-affinity zinc transmembrane transporter activity	1	0.9047131876356549
GO:0046930	F:high-affinity zinc transmembrane transporter activity	6	0.9999999925082392
GO:0015144	F:high-affinity zinc transmembrane transporter activity	1	0.9511708581272074
GO:0042958	F:high-affinity zinc transmembrane transporter activity	1	0.991692091058437
GO:0015481	F:high-affinity zinc transmembrane transporter activity	1	0.9834528167382462
GO:0015288	F:high-affinity zinc transmembrane transporter activity	6	0.9999999893710351
GO:0001618	F:high-affinity zinc transmembrane transporter activity	2	0.9999313653786277
GO:0006811	F:high-affinity zinc transmembrane transporter activity	3	0.9989964952034966
GO:0042956	F:high-affinity zinc transmembrane transporter activity	1	0.959141186295011
GO:0015774	F:high-affinity zinc transmembrane transporter activity	1	0.9671779212871628
GO:0007155	F:high-affinity zinc transmembrane transporter activity	1	0.7100854671735674
GO:0004190	F:high-affinity zinc transmembrane transporter activity	1	0.9432663911621613
GO:0004175	F:high-affinity zinc transmembrane transporter activity	1	0.846261389241796
GO:0030313	F:high-affinity zinc transmembrane transporter activity	1	0.9671779212871628
GO:0042931	F:high-affinity zinc transmembrane transporter activity	1	0.9834528167382462
GO:0015620	F:high-affinity zinc transmembrane transporter activity	1	0.959141186295011
GO:0022834	F:high-affinity zinc transmembrane transporter activity	2	0.9999313653786277
GO:0042914	F:high-affinity zinc transmembrane transporter activity	1	0.9834528167382462
GO:0042930	F:high-affinity zinc transmembrane transporter activity	2	0.9995926890159823
GO:0015685	F:high-affinity zinc transmembrane transporter activity	1	0.9511708581272074
GO:1900232	F:high-affinity zinc transmembrane transporter activity	1	0.9671779212871628
GO:0043024	F:high-affinity zinc transmembrane transporter activity	1	0.9122963781556865
GO:0030490	F:high-affinity zinc transmembrane transporter activity	1	0.9671779212871628
GO:0009409	F:high-affinity zinc transmembrane transporter activity	1	0.897192676941459
GO:0030674	F:high-affinity zinc transmembrane transporter activity	2	0.9995926890159823
GO:0004735	F:high-affinity zinc transmembrane transporter activity	1	0.991692091058437
GO:0055129	F:high-affinity zinc transmembrane transporter activity	1	0.9752816132193677
GO:0015501	F:high-affinity zinc transmembrane transporter activity	1	0.991692091058437
GO:0120010	F:high-affinity zinc transmembrane transporter activity	1	0.9834528167382462
GO:0015091	F:high-affinity zinc transmembrane transporter activity	1	0.991692091058437
GO:0006826	F:high-affinity zinc transmembrane transporter activity	1	0.9511708581272074
GO:0015471	F:high-affinity zinc transmembrane transporter activity	1	0.991692091058437
GO:0046718	F:high-affinity zinc transmembrane transporter activity	2	0.9949593159660043
GO:0015483	F:high-affinity zinc transmembrane transporter activity	1	0.991692091058437
GO:0048037	F:high-affinity zinc transmembrane transporter activity	1	0.9752816132193677
GO:0015643	F:high-affinity zinc transmembrane transporter activity	1	0.959141186295011
GO:0046790	F:high-affinity zinc transmembrane transporter activity	1	0.9834528167382462
GO:0019867	F:high-affinity zinc transmembrane transporter activity	1	0.8897343309045138
GO:0000746	F:high-affinity zinc transmembrane transporter activity	1	0.9752816132193677
GO:0009597	F:high-affinity zinc transmembrane transporter activity	1	0.991692091058437
GO:0034220	F:high-affinity zinc transmembrane transporter activity	5	0.9999999717431548
GO:0042884	F:high-affinity zinc transmembrane transporter activity	1	0.9432663911621613
GO:0015914	F:high-affinity zinc transmembrane transporter activity	1	0.9752816132193677
GO:0046813	F:high-affinity zinc transmembrane transporter activity	1	0.991692091058437
GO:0046870	F:high-affinity zinc transmembrane transporter activity	1	0.9834528167382462
GO:0071276	F:high-affinity zinc transmembrane transporter activity	1	0.9752816132193677
GO:0034224	F:high-affinity zinc transmembrane transporter activity	1	0.9834528167382462
GO:0006882	F:high-affinity zinc transmembrane transporter activity	1	0.9834528167382462
GO:0015420	F:high-affinity zinc transmembrane transporter activity	1	0.9752816132193677
GO:0015889	F:high-affinity zinc transmembrane transporter activity	1	0.959141186295011
GO:0071286	F:high-affinity zinc transmembrane transporter activity	1	0.9752816132193677
GO:1990281	F:high-affinity zinc transmembrane transporter activity	1	0.959141186295011
GO:1990196	F:high-affinity zinc transmembrane transporter activity	1	0.9752816132193677
GO:0015125	F:high-affinity zinc transmembrane transporter activity	1	0.9354272442358911
GO:0015562	F:high-affinity zinc transmembrane transporter activity	1	0.8605124365979625
GO:0005216	F:high-affinity zinc transmembrane transporter activity	2	0.9999313653786277
GO:0047485	F:high-affinity zinc transmembrane transporter activity	2	0.9999313653786277
GO:0042910	F:high-affinity zinc transmembrane transporter activity	2	0.978976763823863
GO:0015721	F:high-affinity zinc transmembrane transporter activity	1	0.9047131876356549
GO:0042493	F:high-affinity zinc transmembrane transporter activity	1	0.8392241204658599
GO:0014070	F:high-affinity zinc transmembrane transporter activity	1	0.9834528167382462
GO:1990961	F:high-affinity zinc transmembrane transporter activity	1	0.7655514830522933
GO:0044384	F:high-affinity zinc transmembrane transporter activity	1	0.9834528167382462
GO:0034702	F:high-affinity zinc transmembrane transporter activity	1	0.991692091058437
GO:0097718	F:high-affinity zinc transmembrane transporter activity	1	0.9671779212871628
GO:0015075	F:high-affinity zinc transmembrane transporter activity	1	0.991692091058437
GO:0006855	F:high-affinity zinc transmembrane transporter activity	1	0.9199427679148284
GO:0070207	F:high-affinity zinc transmembrane transporter activity	1	0.9432663911621613
GO:0046688	F:high-affinity zinc transmembrane transporter activity	1	0.9047131876356549
